id,code,name
hr_habilitation_111,111,NAO SABE LER NEM ESCREVER
hr_habilitation_112,112,SABE LER E ESCREVER SEM POSSUIR 1.CICLO ENSINO BASICO
hr_habilitation_211,211,1.CICLO ENSINO BASICO (4.ano)
hr_habilitation_212,212,1.CICLO ENSINO BASICO C/CURSOS INDOLE PROFISSIONAL
hr_habilitation_221,221,2.CICLO ENSINO BASICO (6.ano ou equivalente)
hr_habilitation_222,222,2.CICLO ENSINO BASICO C/CURSOS INDOLE PROFISSIONAL
hr_habilitation_231,231,3.CICLO ENSINO BASICO (9.ano ou equivalente)
hr_habilitation_232,232,"ENSINO TECNICO:C.GER.COMERCIAL,C.GER.INDUSTRIAL,C.GER.ARTES VISUAIS"
hr_habilitation_233,233,3.CICLO ENSINO BASICO C/CURSOS INDOLE PROFISSIONAL
hr_habilitation_234,234,CURSOS DAS ESCOLAS PROFISSIONAIS-NIVEL II
hr_habilitation_311,311,"ENSINO SECUNDARIO(12.ANO) EQUIV.C/CURS.IND.PROFISS.,ENS.SEC.LIC.COMPL."
hr_habilitation_312,312,ENSINO SECUNDARIO TECNICO COMPLEMENTAR
hr_habilitation_313,313,ENSINO SECUNDARIO TECNICO-PROFISSIONAL
hr_habilitation_314,314,CURSOS DAS ESCOLAS PROFISSIONAIS-NIVEL III
hr_habilitation_315,315,"ENSINO SECUNDARIO(12.ANO OU EQUIVALENTE),ENS.SEC.LIC.COMPL."
hr_habilitation_316,316,ENSINO SECUNDARIO C/CURSOS DE INDOLE PROFISSIONAL
hr_habilitation_414,414,ENS. PÓS SECUND. N/SUPERIOR NIVEL IV FORMACAO DE PROFESSORES E CIENCIAS DA EDUCACAO
hr_habilitation_421,421,ENS. PÓS SECUND. N/SUPERIOR NIVEL IV ARTES
hr_habilitation_422,422,ENS. PÓS SECUND. N/SUPERIOR NIVEL IV HUMANIDADES
hr_habilitation_431,431,ENS. PÓS SECUND. N/SUPERIOR NIVEL IV CIENCIAS SOCIAIS E DO COMPORTAMENTO
hr_habilitation_432,432,ENS. PÓS SECUND. N/SUPERIOR NIVEL IV INFORMACAO E JORNALISMO
hr_habilitation_434,434,ENS. PÓS SECUND. N/SUPERIOR NIVEL IV CIENCIAS EMPRESARIAIS
hr_habilitation_438,438,ENS. PÓS SECUND. N/SUPERIOR NIVEL IV DIREITO
hr_habilitation_442,442,ENS. PÓS SECUND. N/SUPERIOR NIVEL IV CIENCIAS DA VIDA
hr_habilitation_444,444,ENS. PÓS SECUND. N/SUPERIOR NIVEL IV CIENCIAS FISICAS
hr_habilitation_446,446,ENS. PÓS SECUND. N/SUPERIOR NIVEL IV MATEMATICA E ESTATISTICA
hr_habilitation_448,448,ENS. PÓS SECUND. N/SUPERIOR NIVEL IV INFORMATICA
hr_habilitation_452,452,ENS. PÓS SECUND. N/SUPERIOR NIVEL IV ENGENHARIA E TECNICAS AFINS
hr_habilitation_454,454,ENS. PÓS SECUND. N/SUPERIOR NIVEL IV INDUSTRIAS TRANSFORMADORAS
hr_habilitation_458,458,ENS. PÓS SECUND. N/SUPERIOR NIVEL IV ARQUITECTURA E CONSTRUCAO
hr_habilitation_462,462,"ENS. PÓS SECUND. N/SUPERIOR NIVEL IV AGRICULTURA, SILVICULTURA E PESCA"
hr_habilitation_464,464,ENS. PÓS SECUND. N/SUPERIOR NIVEL IV CIENCIAS VETERINARIAS
hr_habilitation_472,472,ENS. PÓS SECUND. N/SUPERIOR NIVEL IV SAUDE
hr_habilitation_476,476,ENS. PÓS SECUND. N/SUPERIOR NIVEL IV SERVICOS SOCIAIS
hr_habilitation_481,481,ENS. PÓS SECUND. N/SUPERIOR NIVEL IV SERVICOS PESSOAIS
hr_habilitation_484,484,ENS. PÓS SECUND. N/SUPERIOR NIVEL IV SERVICOS DE TRANSPORTE
hr_habilitation_485,485,ENS. PÓS SECUND. N/SUPERIOR NIVEL IV PROTECCAO DO AMBIENTE
hr_habilitation_486,486,ENS. PÓS SECUND. N/SUPERIOR NIVEL IV SERVICOS DE SEGURANCA
hr_habilitation_499,499,ENS. PÓS SECUND. N/SUPERIOR NIVEL IV DESCONHECIDO OU NAO ESPECIFICADO
hr_habilitation_514,514,BACHARELATO FORMACAO PROFESSORES E CIENCIAS DA EDUCACAO
hr_habilitation_521,521,BACHARELATO ARTES
hr_habilitation_522,522,BACHARELATO HUMANIDADES
hr_habilitation_531,531,BACHARELATO CIENCIAS SOCIAIS E DO COMPORTAMENTO
hr_habilitation_532,532,BACHARELATO INFORMACAO E JORNALISMO
hr_habilitation_534,534,BACHARELATO CIENCIAS EMPRESARIAIS
hr_habilitation_538,538,BACHARELATO DIREITO
hr_habilitation_542,542,BACHARELATO CIENCIAS DA VIDA
hr_habilitation_544,544,BACHARELATO CIENCIAS FISICAS
hr_habilitation_546,546,BACHARELATO MATEMATICA E ESTATISTICA
hr_habilitation_548,548,BACHARELATO INFORMATICA
hr_habilitation_552,552,BACHARELATO ENGENHARIA E TECNICAS AFINS
hr_habilitation_554,554,BACHARELATO INDUSTRIAS TRANSFORMADORAS
hr_habilitation_558,558,BACHARELATO ARQUITECTURA E CONSTRUCAO
hr_habilitation_562,562,"BACHARELATO AGRICULTURA, SILVICULTURA E PESCA"
hr_habilitation_564,564,BACHARELATO CIENCIAS VETERINARIAS
hr_habilitation_572,572,BACHARELATO SAUDE
hr_habilitation_576,576,BACHARELATO SERVICOS SOCIAIS
hr_habilitation_581,581,BACHARELATO SERVICOS PESSOAIS
hr_habilitation_584,584,BACHARELATO SERVICOS DE TRANSPORTE
hr_habilitation_585,585,BACHARELATO PROTECCAO DO AMBIENTE
hr_habilitation_586,586,BACHARELATO SERVICOS DE SEGURANCA
hr_habilitation_599,599,BACHARELATO DESCONHECIDO OU NAO ESPECIFICADO
hr_habilitation_614,614,LICENCIATURA FORMACAO DE PROFESSORES E CIENCIAS DA EDUCACAO
hr_habilitation_621,621,LICENCIATURA ARTES
hr_habilitation_622,622,LICENCIATURA HUMANIDADES
hr_habilitation_631,631,LICENCIATURA CIENCIAS SOCIAIS E DO COMPORTAMENTO
hr_habilitation_632,632,LICENCIATURA INFORMACAO E JORNALISMO
hr_habilitation_634,634,LICENCIATURA CIENCIAS EMPRESARIAIS
hr_habilitation_638,638,LICENCIATURA DIREITO
hr_habilitation_642,642,LICENCIATURA CIENCIAS DA VIDA
hr_habilitation_644,644,LICENCIATURA CIENCIAS FISICAS
hr_habilitation_646,646,LICENCIATURA MATEMATICA E ESTATISTICA
hr_habilitation_648,648,LICENCIATURA INFORMATICA
hr_habilitation_652,652,LICENCIATURA ENGENHARIA E TECNICAS AFINS
hr_habilitation_654,654,LICENCIATURA INDUSTRIAS TRANSFORMADORAS
hr_habilitation_658,658,LICENCIATURA ARQUITECTURA E CONSTRUCAO
hr_habilitation_662,662,"LICENCIATURA AGRICULTURA, SILVICULTURA E PESCA"
hr_habilitation_664,664,LICENCIATURA CIENCIAS VETERINARIAS
hr_habilitation_672,672,LICENCIATURA SAUDE
hr_habilitation_676,676,LICENCIATURA SERVICOS SOCIAIS
hr_habilitation_681,681,LICENCIATURA SERVICOS PESSOAIS
hr_habilitation_684,684,LICENCIATURA SERVICOS DE TRANSPORTE
hr_habilitation_685,685,LICENCIATURA PROTECCAO DO AMBIENTE
hr_habilitation_686,686,LICENCIATURA SERVICOS DE SEGURANCA
hr_habilitation_699,699,LICENCIATURA DESCONHECIDA OU NAO ESPECIFICADA
hr_habilitation_714,714,MESTRADO FORMACAO DE PROFESSORES E CIENCIAS DA EDUCACAO
hr_habilitation_721,721,MESTRADO ARTES
hr_habilitation_722,722,MESTRADO HUMANIDADES
hr_habilitation_731,731,MESTRADO CIENCIAS SOCIAIS E DO COMPORTAMENTO
hr_habilitation_732,732,MESTRADO INFORMACAO E JORNALISMO
hr_habilitation_734,734,MESTRADO CIENCIAS EMPRESARIAIS
hr_habilitation_738,738,MESTRADO DIREITO
hr_habilitation_742,742,MESTRADO CIENCIAS DA VIDA
hr_habilitation_744,744,MESTRADO CIENCIAS FISICAS
hr_habilitation_746,746,MESTRADO MATEMATICA E ESTATISTICA
hr_habilitation_748,748,MESTRADO INFORMATICA
hr_habilitation_752,752,MESTRADO ENGENHARIA E TECNICAS AFINS
hr_habilitation_754,754,MESTRADO INDUSTRIAS TRANSFORMADORAS
hr_habilitation_758,758,MESTRADO ARQUITECTURA E CONSTRUCAO
hr_habilitation_762,762,"MESTRADO AGRICULTURA, SILVICULTURA E PESCA"
hr_habilitation_764,764,MESTRADO CIENCIAS VETERINARIAS
hr_habilitation_772,772,MESTRADO SAUDE
hr_habilitation_776,776,MESTRADO SERVICOS SOCIAIS
hr_habilitation_781,781,MESTRADO SERVICOS PESSOAIS
hr_habilitation_784,784,MESTRADO SERVICOS DE TRANSPORTE
hr_habilitation_785,785,MESTRADO PROTECCAO DO AMBIENTE
hr_habilitation_786,786,MESTRADO SERVICOS DE SEGURANCA
hr_habilitation_799,799,MESTRADO DESCONHECIDO OU NAO ESPECIFICADO
hr_habilitation_814,814,DOUTOURAMENTO FORMACAO DE PROFESSORES E CIENCIAS DA EDUCACAO
hr_habilitation_821,821,DOUTOURAMENTO ARTES
hr_habilitation_822,822,DOUTOURAMENTO HUMANIDADES
hr_habilitation_831,831,DOUTOURAMENTO CIENCIAS SOCIAIS E DO COMPORTAMENTO
hr_habilitation_832,832,DOUTOURAMENTO INFORMACAO E JORNALISMO
hr_habilitation_834,834,DOUTOURAMENTO CIENCIAS EMPRESARIAIS
hr_habilitation_838,838,DOUTOURAMENTO DIREITO
hr_habilitation_842,842,DOUTOURAMENTO CIENCIAS DA VIDA
hr_habilitation_844,844,DOUTOURAMENTO CIENCIAS FISICAS
hr_habilitation_846,846,DOUTOURAMENTO MATEMATICA E ESTATISTICA
hr_habilitation_848,848,DOUTOURAMENTO INFORMATICA
hr_habilitation_852,852,DOUTOURAMENTO ENGENHARIA E TECNICAS AFINS
hr_habilitation_854,854,DOUTOURAMENTO INDUSTRIAS TRANSFORMADORAS
hr_habilitation_858,858,DOUTOURAMENTO ARQUITECTURA E CONSTRUCAO
hr_habilitation_862,862,"DOUTOURAMENTO AGRICULTURA, SILVICULTURA E PESCA"
hr_habilitation_864,864,DOUTOURAMENTO CIENCIAS VETERINARIAS
hr_habilitation_872,872,DOUTOURAMENTO SAUDE
hr_habilitation_876,876,DOUTOURAMENTO SERVICOS SOCIAIS
hr_habilitation_881,881,DOUTOURAMENTO SERVICOS PESSOAIS
hr_habilitation_884,884,DOUTOURAMENTO SERVICOS DE TRANSPORTE
hr_habilitation_885,885,DOUTOURAMENTO PROTECCAO DO AMBIENTE
hr_habilitation_886,886,DOUTOURAMENTO SERVICOS DE SEGURANCA
hr_habilitation_899,899,DOUTOURAMENTO DESCONHECIDO OU NAO ESPECIFICADO
